[
  {
    "user_id": 260,
    "username": "VCHar",
    "password": "********",
    "email": "vchar@example.com",
    "user_level_id": 1,
    "created_at": "2020-09-12T06:56:41.000Z"
  },
  {
    "user_id": 305,
    "username": "Donatello",
    "password": "********",
    "email": "dona@example.com",
    "user_level_id": 1,
    "created_at": "2021-12-11T06:00:41.000Z"
  },
  {
    "user_id": 3609,
    "username": "Anon5468",
    "password": "********",
    "email": "x58df@example.com",
    "user_level_id": 3,
    "created_at": "2023-04-02T05:56:41.000Z"
  }
]